{"Train Loss": 5596.682567864656, "Hit Ratio": 0.5948675496688741, "NDCG": 0.33914355440483296, "_timestamp": 1716517394.5203915, "_runtime": 16680.60661149025, "_step": 99, "_wandb": {"runtime": 16678}}