{"Train Loss": 1141.281871944666, "Hit Ratio": 0.6855960264900662, "NDCG": 0.4117958784686953, "_timestamp": 1716627595.2408483, "_runtime": 25600.60426735878, "_step": 99, "_wandb": {"runtime": 25599}}