{"Train Loss": 5025.101240947843, "Hit Ratio": 0.6528145695364238, "NDCG": 0.3804481227674365, "_timestamp": 1716442961.8533068, "_runtime": 16997.911417722702, "_step": 99, "_wandb": {"runtime": 16995}}