{"Train Loss": 5522.754929468036, "Hit Ratio": 0.5905629139072848, "NDCG": 0.33975322577660094, "_timestamp": 1716536041.6375968, "_runtime": 18609.893724918365, "_step": 99, "_wandb": {"runtime": 18605}}