{"Train Loss": 1287.908758416772, "Hit Ratio": 0.6334437086092716, "NDCG": 0.36523265044345676, "_timestamp": 1716556432.1956122, "_runtime": 6816.4821701049805, "_step": 53}