{"Train Loss": 6925.787808939815, "Hit Ratio": 0.446523178807947, "NDCG": 0.2483031817403592, "_timestamp": 1716471745.2014098, "_runtime": 28757.53204679489, "_step": 199, "_wandb": {"runtime": 28754}}