{
  "train_loss": [
    0.39952007976557036,
    0.35753526586354173,
    0.3558375062372946,
    0.35536226576064744,
    0.3550794988014527,
    0.35486908928346433,
    0.35468432898460545,
    0.354536478331538,
    0.35441550247329123,
    0.35429968672655676,
    0.3541960572613974,
    0.3540894330982023,
    0.3539913932111671,
    0.3538776668611335,
    0.35374515120414735,
    0.35357213796663134,
    0.353362958904803,
    0.3530950328655744,
    0.3527715363974891,
    0.35238406648221426,
    0.3519424179497088,
    0.351441507012552,
    0.3509153809326157,
    0.35038191421799364,
    0.3498671523643131,
    0.34934600878926714,
    0.34886830645640127,
    0.34841182287219935,
    0.34799787911419316,
    0.3476172240820032,
    0.3472563324310023,
    0.34694787568698315,
    0.34664023862024385,
    0.34636842416452596,
    0.34610616071289185,
    0.3458683014633086,
    0.3456532946901417,
    0.34544258392942995,
    0.34525080480682097,
    0.34507293781513027,
    0.34490936471383926,
    0.3447461032015728,
    0.3446018014760794,
    0.3444601954229628,
    0.34432777190951847,
    0.344209034225439,
    0.34409017678329173,
    0.3439839942476365,
    0.3438822839115517,
    0.3437885398686796,
    0.343694406361478,
    0.3436063871596154,
    0.3435181767414279,
    0.3434370720515285,
    0.3433669605332395,
    0.3432955154835841,
    0.34322610611620563,
    0.3431609786247522,
    0.34310623663167766,
    0.3430404680866356,
    0.34298644355172875,
    0.34293250702623357,
    0.3428902045503284,
    0.34283972002351837,
    0.34279117498180073,
    0.3427467856628433,
    0.34270296493678254,
    0.34265743576862756,
    0.3426226333365404,
    0.3425899242962604,
    0.34255530101469156,
    0.34252501976247096,
    0.3424889431548827,
    0.3424632697675552,
    0.3424395237409773,
    0.34240740682520915,
    0.3423772279164904,
    0.3423561862988405,
    0.34232976242420626,
    0.3423115296077588,
    0.34229415953671527,
    0.3422756924870381,
    0.34225119736339193,
    0.3422374753658759,
    0.34221939175860056,
    0.3421981906659651,
    0.3421892149571906,
    0.34217885127823855,
    0.3421592787841073,
    0.34214966965342164,
    0.34213904463158995,
    0.34212841158296037,
    0.3421228127195067,
    0.34210930639187825,
    0.3420953464587081,
    0.34208588278355073,
    0.34207721752965886,
    0.34206242411194576,
    0.34206172853905825,
    0.3420512080265736
  ],
  "HR@10": [
    0.45743386819958687,
    0.4691269186635812,
    0.4720052083333333,
    0.48801569392283756,
    0.5056366498271624,
    0.5276607051491737,
    0.5440909415483475,
    0.5647443806131681,
    0.5767543862263361,
    0.5889014527201653,
    0.6022049759825071,
    0.6057257403930029,
    0.6162794679403305,
    0.6209909543395042,
    0.6299427772561709,
    0.6348941201965014,
    0.6385262484351794,
    0.6424496298034986,
    0.6402480800946554,
    0.6418585528930029,
    0.6440515344341596,
    0.6466385697325071,
    0.6506990144650141,
    0.6486602251728376,
    0.6510331009825071,
    0.6486002604166666,
    0.6484460656841596,
    0.6549907475709915,
    0.6530804559588432,
    0.6523865809043249,
    0.658340185880661,
    0.6566354855895042,
    0.6573464920123419,
    0.6614069367448489,
    0.6586485753456751,
    0.6641909951965014,
    0.6630602379639944,
    0.6645165160298347,
    0.6687739863991737,
    0.675644189119339,
    0.6745990961790085,
    0.6783254519104958,
    0.6830712035298347,
    0.6834052900473276,
    0.6851099928220113,
    0.687225878238678,
    0.6913976843158404,
    0.6907894735534986,
    0.694472998380661,
    0.6959549759825071,
    0.7001610472798347,
    0.7057206009825071,
    0.7055492748816808,
    0.709686815738678,
    0.7116656377911568,
    0.716933935880661,
    0.7182874182860056,
    0.7206345945596695,
    0.7273848677674929,
    0.7246607740720113,
    0.7277018229166666,
    0.7293893918395042,
    0.7338181883096695,
    0.7382384190956751,
    0.738983690738678,
    0.741425096988678,
    0.7451343213518461,
    0.7496316482623419,
    0.7512078533569971,
    0.7533837035298347,
    0.7567931065956751,
    0.756972998380661,
    0.7595600336790085,
    0.7605708613991737,
    0.7655821690956751,
    0.7638946001728376,
    0.766327440738678,
    0.7713901450236639,
    0.7744997267921766,
    0.7718098958333334,
    0.7751850336790085,
    0.7768297692139944,
    0.7794425040483475,
    0.7821922972798347,
    0.7863212724526724,
    0.7874006306131681,
    0.7900476281841596,
    0.7905958741903305,
    0.7954358557860056,
    0.7934142003456751,
    0.7948961754639944,
    0.7966437091430029,
    0.7987595945596695,
    0.8015265216430029,
    0.8037366370360056,
    0.8031798253456751,
    0.8048845256368319,
    0.8089021394650141,
    0.8096474086244901,
    0.8109751914938291
  ],
  "NDCG@10": [
    0.5722273414333662,
    0.562831645210584,
    0.5567237262924513,
    0.538722962141037,
    0.5187711032728354,
    0.5010573292771975,
    0.48615751415491104,
    0.4757703058421612,
    0.4666204775373141,
    0.4573513741294543,
    0.4518086475630601,
    0.45087623223662376,
    0.4452795187632243,
    0.444155706713597,
    0.4427177769442399,
    0.43596211945017177,
    0.43292302017410594,
    0.4347700923681259,
    0.4324299668272336,
    0.429846686621507,
    0.43004627898335457,
    0.43111659834782284,
    0.4281173100074132,
    0.42958876490592957,
    0.4288637538750966,
    0.42696955303351086,
    0.42476993054151535,
    0.42574166630705196,
    0.4241400981942813,
    0.42095788568258286,
    0.4178256578743458,
    0.41821645696957904,
    0.4151039645075798,
    0.4141661437849204,
    0.41261468082666397,
    0.4096538995703061,
    0.4089475137492021,
    0.4054730373124282,
    0.4035295285284519,
    0.40071530019243556,
    0.3987250489493211,
    0.3972594067454338,
    0.3936144672334194,
    0.39360615735252696,
    0.3917080561319987,
    0.3885253344972928,
    0.3907053818305333,
    0.3879566875596841,
    0.3860733484228452,
    0.3855512614051501,
    0.3822386985023816,
    0.38235656420389813,
    0.38011709228157997,
    0.3804727556804816,
    0.3783027231693268,
    0.3780377221604188,
    0.37402502199014026,
    0.3741772187252839,
    0.3732101209461689,
    0.37429143612583476,
    0.37170155222217244,
    0.37090032547712326,
    0.37062928825616837,
    0.369880273938179,
    0.36981668199102086,
    0.3694661396245162,
    0.36934950823585194,
    0.36807021250327426,
    0.3677768458922704,
    0.36628412331144017,
    0.3662671223282814,
    0.365916113058726,
    0.36559274047613144,
    0.36409538115064305,
    0.36428243666887283,
    0.36498425031701726,
    0.36391689628362656,
    0.36325398832559586,
    0.3632467103501161,
    0.36341066161791485,
    0.3626680423816045,
    0.3616172596812248,
    0.3613603338599205,
    0.3615337386727333,
    0.3615660679837068,
    0.3615403026342392,
    0.3614719845354557,
    0.3610648922622204,
    0.35960787162184715,
    0.3602839360634486,
    0.35994182899594307,
    0.35920410106579465,
    0.35922594492634136,
    0.3590108205874761,
    0.3589003620048364,
    0.3581399967273076,
    0.3587506152689457,
    0.35928984607259434,
    0.35903190697232884,
    0.3582027864952882
  ]
}