{
  "train_loss": [
    0.3662529534989775,
    0.3596305705802668,
    0.3596215887398091,
    0.35961364497577647,
    0.3596168712436377,
    0.359522833648256,
    0.3581445968080849,
    0.35636007973845163,
    0.355096433940052,
    0.35419369572185927,
    0.35350707886759314,
    0.35297750800357763,
    0.35252249757458587,
    0.3521501190782969,
    0.35182205662808136,
    0.35155500771224923,
    0.35131205325333864,
    0.3510949732980417,
    0.35089251650746556,
    0.350718608066136,
    0.3505486099558441,
    0.3503989707097766,
    0.3502608851867843,
    0.35013298724343317,
    0.35001159084536887,
    0.34990159053928926,
    0.3497909437650081,
    0.34967894406187544,
    0.349588758568491,
    0.34949406045618203,
    0.34940385350190595,
    0.3493130775230276,
    0.34923180858742947,
    0.34915131641464503,
    0.3490943446473703,
    0.3490083740131,
    0.34894979443504454,
    0.3488863710539949,
    0.34882519303976744,
    0.34877108746859237,
    0.3487135601108091,
    0.34866427407930856,
    0.3486192583115833,
    0.3485661254975768,
    0.34852921799567943,
    0.34847143730718033,
    0.3484366724481168,
    0.34838257413544993,
    0.34834621485579725,
    0.348303384784396,
    0.34826727313548145,
    0.34822667084804426,
    0.34819564239386985,
    0.3481669358354864,
    0.3481376226428917,
    0.3481009715448689,
    0.34807132025359744,
    0.3480489617362234,
    0.34802477087724015,
    0.3479883063126336,
    0.34796538419990436,
    0.347931772265597,
    0.3479142161733303,
    0.34788767482354604,
    0.34786399492841663,
    0.34785129268544623,
    0.34781766673899855,
    0.3478076513367322,
    0.3477936513281091,
    0.347774541373631,
    0.34774622771127084,
    0.34772496659691904,
    0.34771422647065975,
    0.3476945826060761,
    0.34768901205958475,
    0.3476614288431463,
    0.34765405832565066,
    0.3476419745339184,
    0.3476214148387726,
    0.3476109365236838,
    0.3475937267471349,
    0.3475790868483332,
    0.34757931585719304,
    0.3475556516937094,
    0.34753712773205986,
    0.34753539482176876,
    0.347524173541295,
    0.3475082732010848,
    0.3475075610770425,
    0.34749463329349134,
    0.34748370773137244,
    0.3474631692922411,
    0.347463878738245,
    0.34746454456002945,
    0.3474342648956075,
    0.3474297647376099,
    0.34742652021372256,
    0.34741609005942087,
    0.34740041482808576,
    0.3473952475897721
  ],
  "HR@10": [
    0.14949115986625353,
    0.1763894601414601,
    0.27079906811316806,
    0.5117101843158404,
    0.6089552491903305,
    0.3038822648425897,
    0.40317468469341594,
    0.515410840511322,
    0.5511838669578234,
    0.6041152675946554,
    0.6437174479166666,
    0.6785824423034986,
    0.7251918862263361,
    0.7333299070596695,
    0.7497858429948489,
    0.7762215609351794,
    0.8063408037026724,
    0.7949390088518461,
    0.8134936963518461,
    0.8113092804948489,
    0.8234734783569971,
    0.8236876378456751,
    0.836777001619339,
    0.8452491089701653,
    0.8629557291666666,
    0.8522221073508263,
    0.8643006434043249,
    0.8680698325236639,
    0.8641807163755099,
    0.868515282869339,
    0.8667420496543249,
    0.8640265216430029,
    0.8643606081604958,
    0.8816817427674929,
    0.8822299887736639,
    0.8795572916666666,
    0.8839603886008263,
    0.8794459303220113,
    0.888886034488678,
    0.8909676546851794,
    0.8935632531841596,
    0.8908905560771624,
    0.8932548662026724,
    0.8974780713518461,
    0.8997995480895042,
    0.8997567171851794,
    0.9038856898744901,
    0.9042540440956751,
    0.9000308389465014,
    0.9039713541666666,
    0.90869140625,
    0.9119551802674929,
    0.9134714230895042,
    0.9162554815411568,
    0.9170178870360056,
    0.9138483429948489,
    0.9146792764465014,
    0.9208042075236639,
    0.9181400761008263,
    0.9202131306131681,
    0.9184484655658404,
    0.92138671875,
    0.9243849366903305,
    0.9226374054948489,
    0.9218407347798347,
    0.9247018918395042,
    0.9235197380185127,
    0.9253101026018461,
    0.9259011795123419,
    0.9280341962973276,
    0.9250445440411568,
    0.927948534488678,
    0.9294390752911568,
    0.9279142692685127,
    0.9308439567685127,
    0.931777685880661,
    0.9291135544578234,
    0.9308610881368319,
    0.9311266442139944,
    0.9290364583333334,
    0.9322060023744901,
    0.9333453252911568,
    0.9336280152201653,
    0.9330198044578234,
    0.9319233149290085,
    0.9332253982623419,
    0.9331311682860056,
    0.9330797692139944,
    0.9329598421851794,
    0.9331140344341596,
    0.9356325392921766,
    0.9322574014465014,
    0.9341077307860056,
    0.9362321818868319,
    0.9360008910298347,
    0.9342105264465014,
    0.9377398565411568,
    0.9343732868631681,
    0.9388877476255099,
    0.9357353349526724
  ],
  "NDCG@10": [
    0.46516549835602444,
    0.433359257876873,
    0.3679401824871699,
    0.35651230563720065,
    0.35637648527820903,
    0.4229266333083312,
    0.46475687250494957,
    0.3944678281744321,
    0.38764763499299687,
    0.37924743071198463,
    0.3713405579328537,
    0.37180792540311813,
    0.3661758676171303,
    0.36661985144019127,
    0.3647831715643406,
    0.362741036961476,
    0.36013364791870117,
    0.3607792742550373,
    0.36008843779563904,
    0.3595808843771617,
    0.35990525037050247,
    0.35970881457130116,
    0.35850192482272786,
    0.3584890117247899,
    0.3588670740524928,
    0.35819730535149574,
    0.3574162796139717,
    0.35842141260703403,
    0.35765955969691277,
    0.3576378598809242,
    0.35796501611669856,
    0.3576815761625767,
    0.35762253403663635,
    0.3575829230248928,
    0.3574180193245411,
    0.3579996811846892,
    0.35794966916243237,
    0.35737958922982216,
    0.3568085891505082,
    0.3572997413575649,
    0.35745236029227573,
    0.35765786096453667,
    0.35707780222098034,
    0.35683735956748325,
    0.35753073046604794,
    0.3572387446959813,
    0.35745178287227947,
    0.3572554513812065,
    0.35727935160199803,
    0.35763845468560856,
    0.3572206658621629,
    0.3572464349369208,
    0.3567267283797264,
    0.3570808234314124,
    0.3569103976090749,
    0.3572285622358322,
    0.3570164851844311,
    0.3571433958907922,
    0.3566226661205292,
    0.3572186628977458,
    0.3569288154443105,
    0.357228122651577,
    0.35665597518285114,
    0.3570687261720498,
    0.3568033513923486,
    0.3567985954384009,
    0.357231476654609,
    0.35699178899327916,
    0.35745853434006375,
    0.357046394298474,
    0.3568514883518219,
    0.3567226988573869,
    0.3572324278453986,
    0.3564104077716668,
    0.3572848265369733,
    0.3572566360235214,
    0.3573988576730092,
    0.35701457411050797,
    0.35694969693819684,
    0.3569600520034631,
    0.357069693505764,
    0.35708946486314136,
    0.3568924081822236,
    0.3573005460202694,
    0.35719671721259755,
    0.35727208356062573,
    0.35679681474963826,
    0.35688110440969467,
    0.3569827911754449,
    0.3572477747996648,
    0.35689471662044525,
    0.3570006216565768,
    0.35684074833989143,
    0.35679816827178,
    0.35677024349570274,
    0.3572453459103902,
    0.35706858709454536,
    0.35767611240347225,
    0.35734227175513905,
    0.3577431266506513
  ]
}