{
  "train_loss": [
    0.3630465272893608,
    0.35960707168686806,
    0.35960686110232637,
    0.3596135550639333,
    0.35961020677703737,
    0.35961020677703737,
    0.35960351018861153,
    0.3596269482554191,
    0.3596135550712503,
    0.3596068584828244,
    0.35961020677703737,
    0.3596135550712503,
    0.35961020677703737,
    0.3596169033727803,
    0.3596169033727803,
    0.35960351018861153,
    0.3596068584828244,
    0.3596169033727803,
    0.3596068584828244,
    0.3596135550712503,
    0.35960351018861153,
    0.3596202516669932,
    0.3596068584828244,
    0.3596135550712503,
    0.35961020677703737,
    0.3596135550712503,
    0.35961020677703737,
    0.35961020677703737,
    0.3596068584828244,
    0.3596135550712503,
    0.35962359996120613,
    0.3596169033727803,
    0.35961020677703737,
    0.35961020677703737,
    0.35961020677703737,
    0.3596135550712503,
    0.3596068584828244,
    0.3596135550712503,
    0.3596068584828244,
    0.3596068584828244,
    0.3596169033727803,
    0.3596135550712503,
    0.3596169033727803,
    0.3596068584828244,
    0.3596135550712503,
    0.3596169033727803,
    0.3596269482554191,
    0.3596068584828244,
    0.3596068584828244,
    0.3596135550712503,
    0.3596169033727803,
    0.3596135550712503,
    0.3596135550712503,
    0.3596169033654632,
    0.35961020677703737,
    0.3596135550712503,
    0.35961020677703737,
    0.35961020677703737,
    0.3596202516669932,
    0.3596135550712503,
    0.3596068584828244,
    0.35962359996120613,
    0.3596169033727803,
    0.35962359996120613,
    0.3596135550712503,
    0.35960351018861153,
    0.3596135550712503,
    0.35961020677703737,
    0.35961020677703737,
    0.3596068584828244,
    0.35961020677703737,
    0.35961020677703737,
    0.3596202516669932,
    0.35961020677703737,
    0.3596269482554191,
    0.3596169033727803,
    0.35961020677703737,
    0.3596068584828244,
    0.3596068584828244,
    0.3596169033727803,
    0.3596169033727803,
    0.3596135550712503,
    0.3596169033727803,
    0.35961020677703737,
    0.35961020677703737,
    0.3596135550712503,
    0.3596068584828244,
    0.3596068584828244,
    0.3596202516669932,
    0.3596068584828244,
    0.3596135550712503,
    0.3596135550712503,
    0.35961020677703737,
    0.3596169033727803,
    0.35961020677703737,
    0.359630296556949,
    0.3596135550712503,
    0.3596068584828244,
    0.35962359996120613,
    0.35961020677703737
  ],
  "HR@10": [
    0.3228652688364188,
    0.7117341707150141,
    0.9149105673034986,
    0.9832785079876581,
    0.9978841145833334,
    1.0,
    1.0,
    1.0,
    1.0,
    1.0,
    1.0,
    1.0,
    1.0,
    1.0,
    1.0,
    1.0,
    1.0,
    1.0,
    1.0,
    1.0,
    1.0,
    1.0,
    1.0,
    1.0,
    1.0,
    1.0,
    1.0,
    1.0,
    1.0,
    1.0,
    1.0,
    1.0,
    1.0,
    1.0,
    1.0,
    1.0,
    1.0,
    1.0,
    1.0,
    1.0,
    1.0,
    1.0,
    1.0,
    1.0,
    1.0,
    1.0,
    1.0,
    1.0,
    1.0,
    1.0,
    1.0,
    1.0,
    1.0,
    1.0,
    1.0,
    1.0,
    1.0,
    1.0,
    1.0,
    1.0,
    1.0,
    1.0,
    1.0,
    1.0,
    1.0,
    1.0,
    1.0,
    1.0,
    1.0,
    1.0,
    1.0,
    1.0,
    1.0,
    1.0,
    1.0,
    1.0,
    1.0,
    1.0,
    1.0,
    1.0,
    1.0,
    1.0,
    1.0,
    1.0,
    1.0,
    1.0,
    1.0,
    1.0,
    1.0,
    1.0,
    1.0,
    1.0,
    1.0,
    1.0,
    1.0,
    1.0,
    1.0,
    1.0,
    1.0,
    1.0
  ],
  "NDCG@10": [
    0.35687534759442013,
    0.3564620465040207,
    0.3565845303237438,
    0.356397844851017,
    0.3565845886866252,
    0.3565250722070535,
    0.3564263992011547,
    0.3564387361208598,
    0.3566176009674867,
    0.35626718774437904,
    0.3562755063176155,
    0.3562949535747369,
    0.35638654852906865,
    0.3562956713140011,
    0.3565310165286064,
    0.3564869835972786,
    0.3563574676712354,
    0.3564114136000474,
    0.3564424328505993,
    0.35642704740166664,
    0.3566938638687134,
    0.3563028424978256,
    0.356299231449763,
    0.35644137610991794,
    0.3563220053911209,
    0.35651325310269993,
    0.3565382721523444,
    0.35655637085437775,
    0.3563893176615238,
    0.35645821938912076,
    0.3565404775242011,
    0.3563026574750741,
    0.35652299722035724,
    0.35623856633901596,
    0.3563334196805954,
    0.3562970111767451,
    0.35620060687263805,
    0.3565704996387164,
    0.35645049810409546,
    0.3565533260504405,
    0.35659100239475566,
    0.35644036407272023,
    0.3561855008204778,
    0.35641050587097806,
    0.3563978684445222,
    0.35631941879789036,
    0.35677940274278325,
    0.35623250156641006,
    0.35652661075194675,
    0.3563457938532035,
    0.356335377941529,
    0.3563566505908966,
    0.35656215498844784,
    0.3564499703546365,
    0.3566928158203761,
    0.35635994250575703,
    0.3563899335761865,
    0.35664355506499607,
    0.3563540267447631,
    0.3563556869824727,
    0.3562963729103406,
    0.3565424978733063,
    0.3566958929101626,
    0.35679847995440167,
    0.35667544106642407,
    0.35620710626244545,
    0.3561563218633334,
    0.3565901344021161,
    0.3564564337333043,
    0.35628823315103847,
    0.3562159774204095,
    0.3561600632965565,
    0.35632211342453957,
    0.3563598543405533,
    0.35669853786627453,
    0.35646503791213036,
    0.35623490810394287,
    0.3563002943992615,
    0.3565668500959873,
    0.35638615613182384,
    0.3562461237112681,
    0.35670266424616176,
    0.35624133919676143,
    0.3567127784093221,
    0.3564385573069255,
    0.3565134182572365,
    0.35625605781873065,
    0.3565722679098447,
    0.35635044053196907,
    0.35654767726858455,
    0.3562737666070461,
    0.3563173847893874,
    0.35633071636160213,
    0.3567822227875392,
    0.3563818645974,
    0.35654239480694133,
    0.35654081652561825,
    0.3564942106604576,
    0.3563353518644969,
    0.3564358614385128
  ]
}