{
  "train_loss": [
    0.3911634607511746,
    0.3579822467215196,
    0.3560452460803653,
    0.35467253758928974,
    0.3536531115350927,
    0.3528999940069425,
    0.3523196521611405,
    0.35185023959339207,
    0.35144038640718156,
    0.3511199109638583,
    0.3508446099949562,
    0.3505980052600877,
    0.3503785831407865,
    0.35020326944642005,
    0.3500308578894761,
    0.34987984249025783,
    0.34974628759343646,
    0.3496376347942783,
    0.34953337934864204,
    0.34946235091686834,
    0.34935929747140587,
    0.3492803110219968,
    0.34921073898208427,
    0.3491387431931209,
    0.34907689626931615,
    0.3490166763781682,
    0.34896698629946843,
    0.3489174018276724,
    0.3488781993713421,
    0.34882303639942736,
    0.3487771802398692,
    0.34875506365325565,
    0.3487030302105563,
    0.348664046928978,
    0.34863105116299087,
    0.3485989959738104,
    0.34856525667170885,
    0.34853815532655524,
    0.3485050724218848,
    0.34849559630043464,
    0.34845046836973376,
    0.348429820438348,
    0.34841194794244157,
    0.34838252148931453,
    0.3483579981877299,
    0.34834573817229697,
    0.34832318373373855,
    0.3483085230325792,
    0.3482843237224095,
    0.3482676293218923,
    0.3482506933491499,
    0.34823577412949014,
    0.3482182045226421,
    0.34820322749833055,
    0.3481889858296776,
    0.348176292425697,
    0.3481643405602776,
    0.3481625839427622,
    0.34814129661143983,
    0.34812733749777863,
    0.3481162261266308,
    0.34809840115492857,
    0.3480902302259314,
    0.34808385609965814,
    0.34807961826502415,
    0.3480566781304142,
    0.3480457189684268,
    0.34804527023603665,
    0.34802950753675116,
    0.34802334916817007,
    0.3480232571929203,
    0.3480110681820876,
    0.34799427213318773,
    0.3479904083019681,
    0.3479804713311021,
    0.3479758151224957,
    0.3479739973783903,
    0.3479674399674685,
    0.3479478002004298,
    0.3479401817595142,
    0.34793206101812546,
    0.34793275741052193,
    0.3479200062750599,
    0.3479168706214782,
    0.3479086545316821,
    0.34790842551550527,
    0.3478922036716752,
    0.3478947384129746,
    0.347882277010525,
    0.3478896974522155,
    0.3478767197517865,
    0.3478628720328113,
    0.3478579399204067,
    0.34786005047068325,
    0.3478463756388363,
    0.3478526250387684,
    0.34784009745365096,
    0.34783326609258186,
    0.3478255107204949,
    0.3478294223393324
  ],
  "HR@10": [
    0.2523300436635812,
    0.3061694763600826,
    0.38370339944958687,
    0.4563802083333333,
    0.4980554406841596,
    0.5372807011008263,
    0.5761633093158404,
    0.6039439414938291,
    0.6270730545123419,
    0.6445483838518461,
    0.6669493565956751,
    0.6805441329876581,
    0.6929738894104958,
    0.7040158982078234,
    0.7139100184043249,
    0.7265453686316808,
    0.7378871987263361,
    0.7482696001728376,
    0.7567074423034986,
    0.7623954912026724,
    0.7700452307860056,
    0.7764956826965014,
    0.7788171594341596,
    0.7870922436316808,
    0.7926089639465014,
    0.7992050449053446,
    0.8043705448508263,
    0.8063236698508263,
    0.8139734094341596,
    0.8187191610534986,
    0.8217002476255099,
    0.8274739583333334,
    0.8304978758096695,
    0.8334275633096695,
    0.8365885416666666,
    0.8368198325236639,
    0.8426877732078234,
    0.8453776041666666,
    0.8470223421851794,
    0.8496522059043249,
    0.8555287147561709,
    0.8555715456604958,
    0.8558885008096695,
    0.8589638148744901,
    0.8611653645833334,
    0.8601202716430029,
    0.8637095664938291,
    0.8629471634825071,
    0.8662195031841596,
    0.8671446690956751,
    0.8685838133096695,
    0.8701171875,
    0.8707682291666666,
    0.8715648998816808,
    0.8740234375,
    0.8748372395833334,
    0.8774671057860056,
    0.8782038117448489,
    0.8784693678220113,
    0.8791718060771624,
    0.8810821001728376,
    0.8811163653930029,
    0.8829752604166666,
    0.881972998380661,
    0.8849969158569971,
    0.8862561682860056,
    0.8866502195596695,
    0.8882435585061709,
    0.8896056065956751,
    0.8894771113991737,
    0.8896998365720113,
    0.8913874054948489,
    0.8920555785298347,
    0.893280565738678,
    0.8932548662026724,
    0.8949253012736639,
    0.8959618285298347,
    0.8951908573508263,
    0.8973667075236639,
    0.8977350617448489,
    0.8985060304403305,
    0.8975209022561709,
    0.8988743846615156,
    0.8994825929403305,
    0.9003392284115156,
    0.9014357179403305,
    0.9012129927674929,
    0.9028063317139944,
    0.9031147211790085,
    0.9029433950781822,
    0.9039370889465014,
    0.9042026450236639,
    0.9041426802674929,
    0.9044168045123419,
    0.9045196001728376,
    0.9050849775473276,
    0.9059330448508263,
    0.9051620761553446,
    0.9075263837973276,
    0.9080146650473276
  ],
  "NDCG@10": [
    0.4495384308199088,
    0.43749793743093807,
    0.4359375226000945,
    0.44997625425457954,
    0.451183029760917,
    0.44221874326467514,
    0.4280475874741872,
    0.4185701099534829,
    0.4081191085278988,
    0.40349118784070015,
    0.39637360473473865,
    0.3896276193360488,
    0.3878703551987807,
    0.3837863268951575,
    0.38075720022122067,
    0.3796391288439433,
    0.37758225947618484,
    0.3763304303089778,
    0.3745335439840953,
    0.37196367730696994,
    0.37237095832824707,
    0.3703902078171571,
    0.37011022369066876,
    0.3685166984796524,
    0.3662571795284748,
    0.367096280058225,
    0.3664228754738967,
    0.36486313367883366,
    0.36468787615497905,
    0.3639616146683693,
    0.3647655000289281,
    0.36536073808868724,
    0.36377037192384404,
    0.36393194769819576,
    0.363555954148372,
    0.3640442118048668,
    0.3638255223631859,
    0.3624628372490406,
    0.3625393236676852,
    0.3617475939293702,
    0.36203379680713016,
    0.36218860372900963,
    0.3612452335655689,
    0.3624356264869372,
    0.3611440422634284,
    0.36240702867507935,
    0.36198239028453827,
    0.36076632266243297,
    0.36096516251564026,
    0.36049749453862506,
    0.3607918818791707,
    0.36016663908958435,
    0.36139747127890587,
    0.36006998643279076,
    0.3597867687543233,
    0.3604416213929653,
    0.36086325719952583,
    0.3604336641728878,
    0.36029843365152675,
    0.35993234689037007,
    0.3601263550420602,
    0.35910505304733914,
    0.36007096494237584,
    0.35922693833708763,
    0.3599070558945338,
    0.3606178065141042,
    0.35918818910916644,
    0.35974477231502533,
    0.35931987563769024,
    0.3594317212700844,
    0.360076118260622,
    0.3588526633878549,
    0.35965226714809734,
    0.3595404451092084,
    0.35897911339998245,
    0.35968157028158504,
    0.3597312221924464,
    0.3588952732582887,
    0.35912805423140526,
    0.35849035034577054,
    0.3596426012615363,
    0.3587069784601529,
    0.35900070890784264,
    0.35837122549613315,
    0.3586205256481965,
    0.35887595266103745,
    0.3596780796845754,
    0.3589394713441531,
    0.35919683799147606,
    0.35839102665583294,
    0.358768733839194,
    0.3589848193029563,
    0.3589402710398038,
    0.35842204093933105,
    0.35799696668982506,
    0.3586176161964734,
    0.35935404400030774,
    0.3589239716529846,
    0.3592265769839287,
    0.358380942294995
  ]
}