{
  "train_loss": [
    0.38192447719250855,
    0.35668380043004966,
    0.35480065416593154,
    0.3534878377258236,
    0.3525667684452264,
    0.3519003395290244,
    0.351392433197294,
    0.3510158897953539,
    0.3507115807546142,
    0.35045584678474295,
    0.3502396013969114,
    0.35006953512103267,
    0.3499077604834348,
    0.34976979073072106,
    0.34963775371088607,
    0.3495208912901992,
    0.3494282599210212,
    0.34932867089126846,
    0.3492480826164211,
    0.3491771696402931,
    0.3490947405872841,
    0.3490401860934758,
    0.3489899399340255,
    0.34891799960094266,
    0.3488680869231141,
    0.3488168779430417,
    0.3487772734224313,
    0.34872777356493834,
    0.3486929109867451,
    0.3486531987592391,
    0.348623133652514,
    0.3485781441895639,
    0.3485528719079837,
    0.3485235873177161,
    0.34849870748581946,
    0.3484766376843887,
    0.3484460687918304,
    0.34842517854188076,
    0.34840492900161874,
    0.3483826178986933,
    0.34837710158613605,
    0.34834465909847134,
    0.3483229985759266,
    0.3483053066793133,
    0.3482849490955717,
    0.3482791414256181,
    0.3482581315785756,
    0.34823772117308954,
    0.3482211011869153,
    0.3482018945742789,
    0.34819080792010754,
    0.3481865288539276,
    0.3481581291358066,
    0.3481548118731796,
    0.3481482061770809,
    0.34812845406414045,
    0.3481239183892087,
    0.34812742770230365,
    0.3480966065400009,
    0.34809463554771475,
    0.3480759656841972,
    0.34806189341244226,
    0.34805344170649516,
    0.34804819219533273,
    0.34803749728840866,
    0.34802815186400804,
    0.3480282432392602,
    0.3480142420964952,
    0.34800559865471303,
    0.34799610856502494,
    0.34798781691210995,
    0.3479874132819823,
    0.34796968134650136,
    0.34796578450077675,
    0.34796383968155886,
    0.34795437215031905,
    0.3479489290301583,
    0.3479377155716051,
    0.34792793212696754,
    0.34793245453609756,
    0.3479177550911874,
    0.34792077165986934,
    0.34791759814058215,
    0.3479021145572775,
    0.34789420033947066,
    0.3478876194262019,
    0.3478880943682455,
    0.34788582324542666,
    0.3478837466389197,
    0.347871041227669,
    0.3478731461584553,
    0.34786045216911116,
    0.34785676969815726,
    0.3478636357420175,
    0.34784303237143294,
    0.34784635275112097,
    0.3478408461116966,
    0.3478353119162825,
    0.3478238627684078,
    0.3478243421592146
  ],
  "HR@10": [
    0.26570209736625355,
    0.3303779462973277,
    0.4104817708333333,
    0.478301465511322,
    0.5260331009825071,
    0.5677511642376581,
    0.6027103886008263,
    0.6306280841430029,
    0.6504934206604958,
    0.6749331826965014,
    0.6943616370360056,
    0.7064230392376581,
    0.7212513710061709,
    0.7308371017376581,
    0.7456825648744901,
    0.7600226153930029,
    0.770721971988678,
    0.7781746859351794,
    0.7826548789938291,
    0.7934313317139944,
    0.8015864863991737,
    0.8043105825781822,
    0.8098615681131681,
    0.816269189119339,
    0.8206894199053446,
    0.8223598549763361,
    0.8261461754639944,
    0.8289730673034986,
    0.8344555248816808,
    0.8348324423034986,
    0.8386444623271624,
    0.8411629671851794,
    0.843887060880661,
    0.8481017003456751,
    0.8514340048034986,
    0.8541666666666666,
    0.855117529630661,
    0.8585526322325071,
    0.8621590609351794,
    0.8619192019104958,
    0.8633926138281822,
    0.8654742315411568,
    0.8684467524290085,
    0.8669647748271624,
    0.8709823886553446,
    0.8717619255185127,
    0.8725671594341596,
    0.8716077307860056,
    0.8746744791666666,
    0.8766875689228376,
    0.8783665721615156,
    0.8783665721615156,
    0.8785293325781822,
    0.8779125561316808,
    0.8804396241903305,
    0.8807480136553446,
    0.8834121450781822,
    0.8838404615720113,
    0.8854766314228376,
    0.8854166666666666,
    0.8864103630185127,
    0.8898197636008263,
    0.8884662836790085,
    0.8908562908569971,
    0.8905736034115156,
    0.8905050704876581,
    0.8906164343158404,
    0.8937859783569971,
    0.8921412428220113,
    0.8930407067139944,
    0.8927837163209915,
    0.8954135825236639,
    0.8970411866903305,
    0.8976236979166666,
    0.8962787836790085,
    0.8994997267921766,
    0.8988915160298347,
    0.8983775352438291,
    0.9006647492448489,
    0.9014785513281822,
    0.9003991906841596,
    0.90185546875,
    0.9016327435771624,
    0.9017526730895042,
    0.9036030024290085,
    0.9041426802674929,
    0.9033288781841596,
    0.9041855136553446,
    0.9048622523744901,
    0.9034231081604958,
    0.9050592804948489,
    0.906601220369339,
    0.9070381025473276,
    0.9080574984351794,
    0.9065926546851794,
    0.9066954503456751,
    0.9083830192685127,
    0.9077748085061709,
    0.9091454222798347,
    0.9096851026018461
  ],
  "NDCG@10": [
    0.45318776989976567,
    0.43961938470602036,
    0.4605567182103793,
    0.46075910950700444,
    0.4486348604162534,
    0.43175555268923443,
    0.4141588310400645,
    0.407370204726855,
    0.40184323241313297,
    0.3902810625731945,
    0.38582832117875415,
    0.3850771722694238,
    0.38003648569186527,
    0.3772214042643706,
    0.37348122025529545,
    0.3720853216946125,
    0.3685371366639932,
    0.3684600703418255,
    0.36885444819927216,
    0.3673347781101863,
    0.365957527110974,
    0.3660239651799202,
    0.3640163590510686,
    0.3654516090949376,
    0.3651277907192707,
    0.3639588641623656,
    0.3643982720871766,
    0.36328235765298206,
    0.3631376810371876,
    0.3635031022131443,
    0.3621721106270949,
    0.36272592345873517,
    0.3620607902606328,
    0.3621390797197819,
    0.3609914282957713,
    0.3611869849264622,
    0.3606956663231055,
    0.36125939960281056,
    0.36145591487487155,
    0.36074789861838025,
    0.36056414743264514,
    0.3595375493168831,
    0.36041805769006413,
    0.36046385889252025,
    0.36076270788908005,
    0.36019426956772804,
    0.3603683114051819,
    0.36023185526331264,
    0.359921478976806,
    0.3582896726826827,
    0.36038081472118694,
    0.3589599480231603,
    0.3592253116269906,
    0.35913921520113945,
    0.35907160366574925,
    0.35975028946995735,
    0.3594233604768912,
    0.3596457578241825,
    0.3583609387278557,
    0.3590686197082202,
    0.3578459943334262,
    0.35849205156167346,
    0.35886844868461293,
    0.35856544598937035,
    0.3591215709845225,
    0.35919853548208874,
    0.35882242893179256,
    0.3583844800790151,
    0.3593237188955148,
    0.35799646998445195,
    0.3588653691112995,
    0.3589315265417099,
    0.3585791935523351,
    0.3576837244133155,
    0.35822920004526776,
    0.35812309632698697,
    0.3591204720238845,
    0.35882822548349697,
    0.3581637280682723,
    0.35785656919082004,
    0.35800521075725555,
    0.3586365518470605,
    0.35881881788372993,
    0.35869962970415753,
    0.3585987488428752,
    0.35768623277544975,
    0.35844003533323604,
    0.3583091100056966,
    0.3587026422222455,
    0.3583175924917062,
    0.3585875779390335,
    0.3585222077866395,
    0.35788610205054283,
    0.358222567786773,
    0.3582704539100329,
    0.35756634424130124,
    0.3576459772884846,
    0.3579540140926838,
    0.3586053376396497,
    0.35745877027511597
  ]
}