{
  "train_loss": [
    0.36288519073053627,
    0.35961863451966364,
    0.35961367335859223,
    0.3596102069306953,
    0.3596102067624033,
    0.3596068584755074,
    0.35961020677703737,
    0.3596169033727803,
    0.35961020677703737,
    0.3596068584828244,
    0.3596202516669932,
    0.3596135550712503,
    0.35960351018861153,
    0.3596202516669932,
    0.3596135550712503,
    0.3596135550712503,
    0.3596169033654632,
    0.3596068584755074,
    0.3596135550712503,
    0.3596135550639333,
    0.3596169033727803,
    0.35961020677703737,
    0.3596202516669932,
    0.3596202516669932,
    0.35960351018861153,
    0.3596169033727803,
    0.3596169033727803,
    0.3596068584828244,
    0.3596068584828244,
    0.3596169033727803,
    0.3596135550712503,
    0.3596135550712503,
    0.3596068584828244,
    0.3596202516669932,
    0.35963364485116195,
    0.35961020677703737,
    0.3596135550712503,
    0.3596135550712503,
    0.3596135550712503,
    0.3596135550712503,
    0.35962359996120613,
    0.3596135550712503,
    0.35962359996120613,
    0.3596202516669932,
    0.35961020677703737,
    0.35961020677703737,
    0.3596135550712503,
    0.3596068584828244,
    0.35961020677703737,
    0.3596202516669932,
    0.3596135550712503,
    0.3596202516669932,
    0.3596169033727803,
    0.3596068584828244,
    0.3596135550712503,
    0.3596068584828244,
    0.3596169033727803,
    0.35961020677703737,
    0.3596169033727803,
    0.3596068584828244,
    0.3596169033727803,
    0.3596169033727803,
    0.3596135550712503,
    0.35961020677703737,
    0.3596135550712503,
    0.35961020677703737,
    0.3596169033727803,
    0.35961020677703737,
    0.3596068584828244,
    0.35961020677703737,
    0.3596169033727803,
    0.3596135550712503,
    0.359630296556949,
    0.3596169033727803,
    0.35961020677703737,
    0.35961020677703737,
    0.3596169033727803,
    0.35962359996120613,
    0.3596169033727803,
    0.35961020677703737,
    0.35961020677703737,
    0.3596169033727803,
    0.3596202516669932,
    0.3596068584828244,
    0.3596068584828244,
    0.35961020677703737,
    0.3596202516669932,
    0.35961020677703737,
    0.3596068584828244,
    0.35962359996120613,
    0.3596135550712503,
    0.3596202516669932,
    0.3596068584828244,
    0.3596135550712503,
    0.3596135550712503,
    0.35961020677703737,
    0.35961020677703737,
    0.359630296556949,
    0.3596135550712503,
    0.359630296556949
  ],
  "HR@10": [
    0.13687294411162534,
    0.2534693665802479,
    0.5941783164938291,
    0.8855794270833334,
    0.9818736289938291,
    0.9986979166666666,
    0.9998372395833334,
    1.0,
    1.0,
    1.0,
    1.0,
    1.0,
    1.0,
    1.0,
    1.0,
    1.0,
    1.0,
    1.0,
    1.0,
    1.0,
    1.0,
    1.0,
    1.0,
    1.0,
    1.0,
    1.0,
    1.0,
    1.0,
    1.0,
    1.0,
    1.0,
    1.0,
    1.0,
    1.0,
    1.0,
    1.0,
    1.0,
    1.0,
    1.0,
    1.0,
    1.0,
    1.0,
    1.0,
    1.0,
    1.0,
    1.0,
    1.0,
    1.0,
    1.0,
    1.0,
    1.0,
    1.0,
    1.0,
    1.0,
    1.0,
    1.0,
    1.0,
    1.0,
    1.0,
    1.0,
    1.0,
    1.0,
    1.0,
    1.0,
    1.0,
    1.0,
    1.0,
    1.0,
    1.0,
    1.0,
    1.0,
    1.0,
    1.0,
    1.0,
    1.0,
    1.0,
    1.0,
    1.0,
    1.0,
    1.0,
    1.0,
    1.0,
    1.0,
    1.0,
    1.0,
    1.0,
    1.0,
    1.0,
    1.0,
    1.0,
    1.0,
    1.0,
    1.0,
    1.0,
    1.0,
    1.0,
    1.0,
    1.0,
    1.0,
    1.0
  ],
  "NDCG@10": [
    0.4428480304777622,
    0.359624233096838,
    0.3567589285473029,
    0.3566980833808581,
    0.356322002907594,
    0.35639409720897675,
    0.35626524935166043,
    0.35655596231420833,
    0.3564760846396287,
    0.35633549963434535,
    0.3562502550582091,
    0.35667411237955093,
    0.3565247617661953,
    0.3561992570757866,
    0.3566591168443362,
    0.35636087755362195,
    0.3563272953033447,
    0.3562960686782996,
    0.35660193860530853,
    0.35629422838489216,
    0.3565043819447358,
    0.3564174758891265,
    0.35658445085088414,
    0.3565448373556137,
    0.35635217030843097,
    0.3562418892979622,
    0.35618171095848083,
    0.35617878660559654,
    0.3565274452169736,
    0.3564491185049216,
    0.35669894392291707,
    0.35647059107820195,
    0.356306375314792,
    0.35639384637276333,
    0.3563368109365304,
    0.3565046240886052,
    0.356244424978892,
    0.3563997621337573,
    0.35619854057828587,
    0.35636818905671436,
    0.35636188338200253,
    0.3564051340023677,
    0.3564319921036561,
    0.35658136010169983,
    0.35615819568435353,
    0.3563927573462327,
    0.3565456084907055,
    0.35666567956407863,
    0.35625457266966504,
    0.3562374326090018,
    0.3564087475339572,
    0.35645344853401184,
    0.3570999627312024,
    0.3561825317641099,
    0.35651498039563495,
    0.3563851813475291,
    0.35661152998606366,
    0.35624822974205017,
    0.35645489394664764,
    0.3566442094743252,
    0.3562463882068793,
    0.3565356346468131,
    0.35646358753244084,
    0.35651571303606033,
    0.3564688277741273,
    0.3566475659608841,
    0.3562792055308819,
    0.35646675154566765,
    0.3563268644114335,
    0.35636857400337857,
    0.3564863291879495,
    0.3564328911403815,
    0.3566709943115711,
    0.35664089396595955,
    0.3563203228016694,
    0.3564668695131938,
    0.3564589520295461,
    0.3564434088766575,
    0.356365405023098,
    0.35623424624403316,
    0.3566404804587364,
    0.3563605348269145,
    0.356309166798989,
    0.3569261034329732,
    0.3563760593533516,
    0.35641663645704585,
    0.3565136877199014,
    0.35638757919271785,
    0.3563767038285732,
    0.3562529869377613,
    0.35658955698211986,
    0.35659924149513245,
    0.35663221031427383,
    0.3563576117157936,
    0.35643940170605976,
    0.35668645550807315,
    0.35657473653554916,
    0.3562900684773922,
    0.3564446208377679,
    0.3567783298591773
  ]
}