{
  "train_loss": [
    0.39448599266004947,
    0.36104104350159333,
    0.3598184892813989,
    0.3596501421012312,
    0.35961120335850294,
    0.3596141634761863,
    0.3596102669011923,
    0.35961020676972033,
    0.3596135550712503,
    0.3596068584828244,
    0.3596135550712503,
    0.3596169033727803,
    0.3596068584828244,
    0.3596135550712503,
    0.35960351018861153,
    0.35961020677703737,
    0.35961020677703737,
    0.35961020677703737,
    0.3596135550712503,
    0.35961020677703737,
    0.35961020677703737,
    0.35961020677703737,
    0.3596202516669932,
    0.35961020677703737,
    0.35960351018861153,
    0.3596068584828244,
    0.3596068584828244,
    0.3596202516669932,
    0.3596068584828244,
    0.35960351018861153,
    0.3596068584828244,
    0.35961020677703737,
    0.3596202516669932,
    0.35961020677703737,
    0.3596135550712503,
    0.3596202516669932,
    0.35960351018861153,
    0.35961020677703737,
    0.35961020677703737,
    0.3596169033727803,
    0.35962359996120613,
    0.3596068584828244,
    0.3596068584828244,
    0.3596169033727803,
    0.35961020676972033,
    0.3596169033727803,
    0.35961020677703737,
    0.3596068584828244,
    0.3596135550712503,
    0.35961020677703737,
    0.35961020677703737,
    0.3596068584828244,
    0.35961020677703737,
    0.3596169033727803,
    0.3596169033727803,
    0.3596135550712503,
    0.3596135550712503,
    0.35961020677703737,
    0.35961020677703737,
    0.3596169033727803,
    0.3596068584828244,
    0.3596202516669932,
    0.3596135550712503,
    0.3596169033727803,
    0.3596169033727803,
    0.35960351018861153,
    0.3596202516669932,
    0.3596202516669932,
    0.35961020677703737,
    0.35960351018861153,
    0.35961020677703737,
    0.3596169033727803,
    0.3596202516669932,
    0.35960351018861153,
    0.3596068584828244,
    0.35961020677703737,
    0.3596135550712503,
    0.3596135550712503,
    0.3596135550712503,
    0.3596068584828244,
    0.3596135550712503,
    0.35961020677703737,
    0.3596169033727803,
    0.35961020677703737,
    0.3596068584828244,
    0.3596135550712503,
    0.35960351018861153,
    0.3596169033727803,
    0.35962359996120613,
    0.3596068584828244,
    0.3596135550712503,
    0.3596202516669932,
    0.35960351018861153,
    0.35960351018861153,
    0.3596169033727803,
    0.3596068584828244,
    0.3596135550712503,
    0.35961020677703737,
    0.35961020677703737,
    0.35961020677703737
  ],
  "HR@10": [
    0.3567537007232507,
    0.37052837138374645,
    0.3796943537890911,
    0.4082545228302479,
    0.4658631446460883,
    0.5394908164938291,
    0.604278028011322,
    0.6356907884279887,
    1.0,
    1.0,
    1.0,
    1.0,
    1.0,
    1.0,
    1.0,
    1.0,
    1.0,
    1.0,
    1.0,
    1.0,
    1.0,
    1.0,
    1.0,
    1.0,
    1.0,
    1.0,
    1.0,
    1.0,
    1.0,
    1.0,
    1.0,
    1.0,
    1.0,
    1.0,
    1.0,
    1.0,
    1.0,
    1.0,
    1.0,
    1.0,
    1.0,
    1.0,
    1.0,
    1.0,
    1.0,
    1.0,
    1.0,
    1.0,
    1.0,
    1.0,
    1.0,
    1.0,
    1.0,
    1.0,
    1.0,
    1.0,
    1.0,
    1.0,
    1.0,
    1.0,
    1.0,
    1.0,
    1.0,
    1.0,
    1.0,
    1.0,
    1.0,
    1.0,
    1.0,
    1.0,
    1.0,
    1.0,
    1.0,
    1.0,
    1.0,
    1.0,
    1.0,
    1.0,
    1.0,
    1.0,
    1.0,
    1.0,
    1.0,
    1.0,
    1.0,
    1.0,
    1.0,
    1.0,
    1.0,
    1.0,
    1.0,
    1.0,
    1.0,
    1.0,
    1.0,
    1.0,
    1.0,
    1.0,
    1.0,
    1.0
  ],
  "NDCG@10": [
    0.5778119588891665,
    0.5688780794541041,
    0.5524662211537361,
    0.5084537838896116,
    0.4499557154874007,
    0.39722546314199764,
    0.3620648557941119,
    0.3565976358950138,
    0.35670671115318936,
    0.35628120104471844,
    0.35649091998736065,
    0.35632378111282986,
    0.356534027804931,
    0.35625196248292923,
    0.35630692665775615,
    0.35632768645882607,
    0.3566983938217163,
    0.35635466997822124,
    0.35622946669658023,
    0.3562462106347084,
    0.3563655912876129,
    0.35657309740781784,
    0.3564337541659673,
    0.3564518081645171,
    0.35670863712827366,
    0.3564539874593417,
    0.35628078629573184,
    0.3563958592712879,
    0.3562985248863697,
    0.35633722444375354,
    0.3562920441230138,
    0.3563728866477807,
    0.3564209279914697,
    0.35632486765583354,
    0.35637497901916504,
    0.356578732530276,
    0.35669992739955586,
    0.3565012862284978,
    0.35658203065395355,
    0.3565220274031162,
    0.3563972736398379,
    0.3566862493753433,
    0.35634590064485866,
    0.35621780529618263,
    0.3564084644118945,
    0.3565531236430009,
    0.35636358459790546,
    0.3564886339008808,
    0.3563620075583458,
    0.3565547578036785,
    0.35637327656149864,
    0.35644325241446495,
    0.35639505088329315,
    0.35643873115380603,
    0.35642259816328686,
    0.35648896420995396,
    0.3566640615463257,
    0.3565426915884018,
    0.3566300633052985,
    0.35638553525010747,
    0.35639864082137745,
    0.3566875842710336,
    0.3563197888433933,
    0.35641508425275487,
    0.3565186895430088,
    0.356325459976991,
    0.3563769881923993,
    0.35648863141735393,
    0.35646139457821846,
    0.35629525656501454,
    0.3564214992026488,
    0.356523056825002,
    0.35636936873197556,
    0.35639524459838867,
    0.356790525217851,
    0.3567862982551257,
    0.3565530640383561,
    0.3561527120570342,
    0.3565251864492893,
    0.3564160553117593,
    0.35637946675221127,
    0.3565576697389285,
    0.35650772973895073,
    0.35657474026083946,
    0.3564333841204643,
    0.3566344827413559,
    0.35640690724054974,
    0.3566910723845164,
    0.35637355223298073,
    0.3564141181608041,
    0.3565407047669093,
    0.3563946448266506,
    0.3561905523141225,
    0.3564251512289047,
    0.3567831913630168,
    0.3564512257774671,
    0.3562828277548154,
    0.3564347214996815,
    0.35640282059709233,
    0.35638707876205444
  ]
}