{"Train Loss": 5670.698453813791, "Hit Ratio": 0.5829470198675497, "NDCG": 0.3255895382102535, "_timestamp": 1716500689.2105453, "_runtime": 12112.819311380386, "_step": 99, "_wandb": {"runtime": 12108}}