{"Train Loss": 5832.216032579541, "Hit Ratio": 0.571523178807947, "NDCG": 0.3281779666991067, "_timestamp": 1716488526.1772814, "_runtime": 16749.64992427826, "_step": 99, "_wandb": {"runtime": 16746}}