{"Train Loss": 1284.6486715823412, "Hit Ratio": 0.6402317880794702, "NDCG": 0.3672479697308736, "_timestamp": 1716425940.003858, "_runtime": 38115.35490012169, "_step": 99, "_wandb": {"runtime": 38099}}